{
  "IcoMoonType": "selection",
  "icons": [
    {
      "icon": {
        "paths": [
          "M896 800h-96v-32c17.696 0 32-14.336 32-32 0-17.696-14.304-32-32-32h-64c-17.696 0-32 14.304-32 32 0 17.664 14.304 32 32 32v32h-416v-32c17.696 0 32-14.336 32-32 0-17.696-14.304-32-32-32h-64c-17.696 0-32 14.304-32 32 0 17.664 14.304 32 32 32v32h-128c-35.328 0-64-28.672-64-64v-448c0-35.328 28.672-64 64-64h768c35.328 0 64 28.672 64 64v448c0 35.328-28.672 64-64 64zM320 313.984c-38.656 0-70.016 41.184-70.016 92s31.36 92 70.016 92 70.016-41.184 70.016-92-31.36-92-70.016-92zM431.68 534.016c-17.248-11.488-66.912-19.136-66.912-19.136s-32.192 34.4-45.856 34.4c-13.696 0-45.888-34.4-45.888-34.4s-49.664 7.616-66.88 19.136c-17.248 11.456-24.864 72.352-24.864 72.352h275.68c0.032-0.032-5.024-58.88-25.28-72.352zM832 352h-288v32h288v-32zM832 416h-288v32h288v-32zM832 480h-288v32h288v-32zM832 544h-288v32h288v-32z"
        ],
        "attrs": [],
        "isMulticolor": false,
        "isMulticolor2": false,
        "tags": [
          "profile",
          "card",
          "id",
          "vcard"
        ],
        "grid": 32
      },
      "attrs": [],
      "properties": {
        "id": 253,
        "order": 61,
        "prevSize": 32,
        "name": "profile"
      },
      "setIdx": 1,
      "setId": 3,
      "iconIdx": 252
    },
    {
      "icon": {
        "paths": [
          "M42.667 256v85.333 469.333h896v-469.333-84.992-0.341h-896zM128 725.333v-335.616l663.211 335.616h-663.211zM853.333 680.491l-272.128-145.365 272.128-145.408v290.773zM515.755 486.741l-286.123-145.408h562.987l-276.864 145.408z"
        ],
        "attrs": [],
        "isMulticolor": false,
        "isMulticolor2": false,
        "tags": [
          "envelope",
          "letter",
          "email",
          "mail",
          "message"
        ],
        "grid": 24
      },
      "attrs": [],
      "properties": {
        "id": 4,
        "order": 64,
        "prevSize": 24,
        "name": "envelope"
      },
      "setIdx": 2,
      "setId": 2,
      "iconIdx": 3
    },
    {
      "icon": {
        "paths": [
          "M1024 590.444l-512-397.426-512 397.428v-162.038l512-397.426 512 397.428zM896 576v384h-256v-256h-256v256h-256v-384l384-288z"
        ],
        "tags": [
          "home",
          "house"
        ],
        "defaultCode": 59648,
        "grid": 16,
        "attrs": []
      },
      "attrs": [],
      "properties": {
        "ligatures": "home, house",
        "name": "home",
        "order": 65,
        "id": 1,
        "prevSize": 32
      },
      "setIdx": 3,
      "setId": 1,
      "iconIdx": 0
    },
    {
      "icon": {
        "paths": [
          "M320 64h-256v256h256v-256zM384 0v0 384h-384v-384h384zM128 128h128v128h-128zM960 64h-256v256h256v-256zM1024 0v0 384h-384v-384h384zM768 128h128v128h-128zM320 704h-256v256h256v-256zM384 640v0 384h-384v-384h384zM128 768h128v128h-128zM448 0h64v64h-64zM512 64h64v64h-64zM448 128h64v64h-64zM512 192h64v64h-64zM448 256h64v64h-64zM512 320h64v64h-64zM448 384h64v64h-64zM448 512h64v64h-64zM512 576h64v64h-64zM448 640h64v64h-64zM512 704h64v64h-64zM448 768h64v64h-64zM512 832h64v64h-64zM448 896h64v64h-64zM512 960h64v64h-64zM960 512h64v64h-64zM64 512h64v64h-64zM128 448h64v64h-64zM0 448h64v64h-64zM256 448h64v64h-64zM320 512h64v64h-64zM384 448h64v64h-64zM576 512h64v64h-64zM640 448h64v64h-64zM704 512h64v64h-64zM768 448h64v64h-64zM832 512h64v64h-64zM896 448h64v64h-64zM960 640h64v64h-64zM576 640h64v64h-64zM640 576h64v64h-64zM704 640h64v64h-64zM832 640h64v64h-64zM896 576h64v64h-64zM960 768h64v64h-64zM576 768h64v64h-64zM640 704h64v64h-64zM768 704h64v64h-64zM832 768h64v64h-64zM896 704h64v64h-64zM960 896h64v64h-64zM640 832h64v64h-64zM704 896h64v64h-64zM768 832h64v64h-64zM832 896h64v64h-64zM640 960h64v64h-64zM768 960h64v64h-64zM896 960h64v64h-64z"
        ],
        "tags": [
          "qrcode"
        ],
        "defaultCode": 59704,
        "grid": 16,
        "attrs": []
      },
      "attrs": [],
      "properties": {
        "ligatures": "qrcode",
        "name": "qrcode",
        "order": 66,
        "id": 57,
        "prevSize": 32
      },
      "setIdx": 3,
      "setId": 1,
      "iconIdx": 56
    }
  ],
  "height": 1024,
  "preferences": {
    "showGlyphs": true,
    "showQuickUse": true,
    "showQuickUse2": true,
    "showSVGs": true,
    "fontPref": {
      "prefix": "icon-",
      "metadata": {
        "fontFamily": "icomoon"
      },
      "metrics": {
        "emSize": 1024,
        "baseline": 6.25,
        "whitespace": 50
      },
      "embed": false
    },
    "imagePref": {
      "prefix": "icon-",
      "png": true,
      "useClassSelector": true,
      "color": 0,
      "bgColor": 16777215,
      "classSelector": ".icon",
      "name": "icomoon",
      "height": 32,
      "columns": 16,
      "margin": 16,
      "sprite": true
    },
    "historySize": 50,
    "showCodes": true,
    "gridSize": 16
  }
}